{"lag1": {"chi2test": [0.02954328299472299, 0.8635306156252784], "lrtest": [0.02954055581267312, 0.8635368528285052]}, "lag2": {"chi2test": [0.10907233833178205, 0.9469242587778284], "lrtest": [0.10903494419017079, 0.9469419636532564]}, "lag3": {"chi2test": [0.1592917100098614, 0.9838768687384817], "lrtest": [0.1592114669476814, 0.9838886659237909]}, "lag4": {"chi2test": [0.1842730112561004, 0.9960073608990665], "lrtest": [0.18416495394467347, 0.9960118995407863]}, "lag5": {"chi2test": [0.46445657884311314, 0.9933670082136269], "lrtest": [0.46376653815696045, 0.9933900129121415]}, "lag6": {"chi2test": [0.5159891274501495, 0.997638456288667], "lrtest": [0.5151321746379836, 0.9976494575867297]}, "lag7": {"chi2test": [0.4650319915423391, 0.9995647145166999], "lrtest": [0.464331275994482, 0.9995668889450604]}, "lag8": {"chi2test": [0.5061160154767316, 0.9998603233025272], "lrtest": [0.5052807542865594, 0.9998611971084513]}, "lag9": {"chi2test": [0.5515117605552292, 0.9999536655775584], "lrtest": [0.5505136307208431, 0.9999540231161668]}, "lag10": {"chi2test": [0.9127923944943331, 0.9998869490760107], "lrtest": [0.9100445555559418, 0.999888514351431]}, "lag11": {"chi2test": [0.9591083164747711, 0.9999592571979394], "lrtest": [0.9560550289475032, 0.9999599142550268]}, "lag12": {"chi2test": [0.987763760832529, 0.9999867751837682], "lrtest": [0.9845040744442031, 0.9999870169306323]}, "lag13": {"chi2test": [0.9945723209382903, 0.9999962899063182], "lrtest": [0.9912454129564594, 0.999996364641406]}, "lag14": {"chi2test": [0.9015911748425999, 0.9999994933945457], "lrtest": [0.8988375756184723, 0.9999995035327038]}, "lag15": {"chi2test": [1.3777337482750318, 0.9999976231001786], "lrtest": [1.371273841230959, 0.999997698933193]}, "lag16": {"chi2test": [1.4114643639628845, 0.999999182922887], "lrtest": [1.4046388579665745, 0.9999992116342443]}, "lag17": {"chi2test": [1.3946898934792704, 0.9999997897690964], "lrtest": [1.387979161766907, 0.9999997976115045]}, "lag18": {"chi2test": [1.392450599991201, 0.9999999432790315], "lrtest": [1.3857148546121607, 0.9999999455374473]}, "lag19": {"chi2test": [1.4157780711806303, 0.9999999825007047], "lrtest": [1.4087667920782678, 0.999999983254162]}, "lag20": {"chi2test": [1.4345753128397398, 0.9999999948147563], "lrtest": [1.4273265439953775, 0.9999999950547085]}, "lag21": {"chi2test": [1.1446348752867723, 0.9999999998577068], "lrtest": [1.1399809783852106, 0.9999999998633767]}, "lag22": {"chi2test": [1.8117346016438018, 0.9999999963101226], "lrtest": [1.800029075175189, 0.9999999965456841]}, "lag23": {"chi2test": [1.9474989882932985, 0.9999999977969553], "lrtest": [1.933885065210461, 0.9999999979550118]}, "lag24": {"chi2test": [2.05840900136391, 0.9999999988563275], "lrtest": [2.0430984925087614, 0.9999999989469626]}, "lag25": {"chi2test": [2.1547065757494197, 0.999999999451276], "lrtest": [2.1378157754954827, 0.9999999994988047]}, "lag26": {"chi2test": [2.3647067268009168, 0.9999999995257317], "lrtest": [2.344234931020992, 0.9999999995724004]}, "lag27": {"chi2test": [2.536525929129266, 0.9999999996699662], "lrtest": [2.5128173257862727, 0.999999999706056]}, "lag28": {"chi2test": [2.7696815963994226, 0.9999999996983138], "lrtest": [2.7412369610797214, 0.9999999997354432]}, "lag29": {"chi2test": [3.2839319840492163, 0.9999999991427276], "lrtest": [3.2437478178972015, 0.9999999992693782]}, "lag30": {"chi2test": [3.6715487302561467, 0.9999999987525189], "lrtest": [3.6210389080697496, 0.9999999989624729]}}