{"lag1": {"chi2test": [0.08192909245315677, 0.774699988430655], "lrtest": [0.08190912163581743, 0.7747267077132477]}, "lag2": {"chi2test": [0.16039316218601282, 0.9229348970016346], "lrtest": [0.16031618761644495, 0.9229704189434197]}, "lag3": {"chi2test": [0.18552858293483093, 0.979890961082505], "lrtest": [0.1854249828452339, 0.9799071843825528]}, "lag4": {"chi2test": [0.26316650976360706, 0.9920661481851412], "lrtest": [0.26295686412959185, 0.9920782363481978]}, "lag5": {"chi2test": [0.31744271354774717, 0.997302103178238], "lrtest": [0.31713588418915606, 0.9973083257565368]}, "lag6": {"chi2test": [0.3502147376395985, 0.9992148041228183], "lrtest": [0.3498390475656379, 0.9992172190565454]}, "lag7": {"chi2test": [0.37646917681812336, 0.9997849866663597], "lrtest": [0.3760324180261705, 0.9997858223699775]}, "lag8": {"chi2test": [0.3959924393563471, 0.9999453166632637], "lrtest": [0.3955062487948453, 0.9999455742124346]}, "lag9": {"chi2test": [0.40796035246816287, 0.9999873521242171], "lrtest": [0.40744113595928866, 0.9999874217441577]}, "lag10": {"chi2test": [0.4535464080329311, 0.9999958606718459], "lrtest": [0.4529007665264544, 0.9999958889508663]}, "lag11": {"chi2test": [0.469453930292475, 0.999999016374378], "lrtest": [0.46875788150600783, 0.9999990240829243]}, "lag12": {"chi2test": [0.4722652652294412, 0.9999998032610831], "lrtest": [0.4715563855470464, 0.9999998049673131]}, "lag13": {"chi2test": [0.516901085182354, 0.9999999352495764], "lrtest": [0.5160466044617351, 0.9999999359185422]}, "lag14": {"chi2test": [0.5327555221234263, 0.9999999850369753], "lrtest": [0.531842039066305, 0.9999999852097599]}, "lag15": {"chi2test": [0.5692735333307053, 0.9999999955217305], "lrtest": [0.5682239361767643, 0.9999999955812483]}, "lag16": {"chi2test": [0.6001446369611576, 0.9999999987507682], "lrtest": [0.5989706680393283, 0.9999999987695446]}, "lag17": {"chi2test": [0.633803753468584, 0.9999999996383363], "lrtest": [0.6324860100598926, 0.9999999996444693]}, "lag18": {"chi2test": [0.7091134769673807, 0.9999999998225599], "lrtest": [0.7074536320069456, 0.9999999998261337]}, "lag19": {"chi2test": [0.8584599098650836, 0.9999999998059715], "lrtest": [0.856012730947441, 0.9999999998109544]}, "lag20": {"chi2test": [0.9117821661966962, 0.9999999999293401], "lrtest": [0.9090037411046978, 0.9999999999313777]}, "lag21": {"chi2test": [1.0874724447614323, 0.9999999999147174], "lrtest": [1.0834966505767625, 0.9999999999177864]}, "lag22": {"chi2test": [1.1161927548677595, 0.9999999999754036], "lrtest": [1.1119763767510449, 0.999999999976361]}, "lag23": {"chi2test": [1.2080110991194533, 0.9999999999872691], "lrtest": [1.2030409246563067, 0.999999999987831]}, "lag24": {"chi2test": [1.2164436473434073, 0.9999999999969451], "lrtest": [1.2113694716763348, 0.9999999999970878]}, "lag25": {"chi2test": [1.6452181115669586, 0.9999999999761927], "lrtest": [1.635890677149746, 0.9999999999777304]}, "lag26": {"chi2test": [1.6548343657028128, 0.9999999999936446], "lrtest": [1.6453325071852305, 0.9999999999940771]}, "lag27": {"chi2test": [1.9183180220604386, 0.9999999999898823], "lrtest": [1.9054760010258178, 0.9999999999907042]}, "lag28": {"chi2test": [1.9609591141313016, 0.9999999999965075], "lrtest": [1.9474482080731832, 0.9999999999968097]}, "lag29": {"chi2test": [2.008645482646709, 0.9999999999987551], "lrtest": [1.994372354692132, 0.9999999999988699]}, "lag30": {"chi2test": [2.2242165918555856, 0.99999999999867], "lrtest": [2.206608713521291, 0.9999999999988097]}}