{"Amendments to funeral and burial regulations": 1363.9710013844526, "Border closure": 1057.3396983286789, "Closure of businesses and public services": 960.5536431914115, "Domestic travel restrictions": 0.0, "Economic measures": 2.5638429756467933, "Emergency administrative structures activated or established": 772.6589401151776, "General recommendations": -628.113340514903, "Humanitarian exemptions": 0.0, "Isolation and quarantine policies": 18.320731577347768, "Limit public gatherings": 2.1893100998268564, "Other public health measures enforced": 0.11405887122467386, "Partial lockdown": -210.38047429146255, "Schools closure": 315.623724528347, "Strengthening the public health system": 0.0, "Surveillance and monitoring": -4105.317131633038, "Testing policy": -119.41044615612438, "Visa restrictions": 1693.1030119512086}