{"Amendments to funeral and burial regulations": -350.0144069925732, "Border closure": 112.97164770961601, "Closure of businesses and public services": 103.1998884886204, "Domestic travel restrictions": 31.858933107328276, "Economic measures": 12.300996099528877, "Emergency administrative structures activated or established": 0.0, "General recommendations": 16.93471401054907, "Humanitarian exemptions": 0.0, "Isolation and quarantine policies": -40.28008694282674, "Limit public gatherings": 7.459275359782847, "Other public health measures enforced": 0.0, "Partial lockdown": 0.0, "Schools closure": 0.0, "Strengthening the public health system": 7.073816288596106, "Surveillance and monitoring": 111.90113847896087, "Testing policy": 0.0, "Visa restrictions": 0.0}