{"lag1": {"chi2test": [0.00012200032552328304, 0.991187244412015], "lrtest": [0.00012200027356357168, 0.991187246288607]}, "lag2": {"chi2test": [0.02746411525182651, 0.9863617969806221], "lrtest": [0.02746145968694691, 0.986363106655365]}, "lag3": {"chi2test": [0.0258704596527491, 0.9989018620574527], "lrtest": [0.025868086607374607, 0.9989020123684582]}, "lag4": {"chi2test": [0.028520013856259928, 0.9998992875323451], "lrtest": [0.028517109282120146, 0.9998993079477202]}, "lag5": {"chi2test": [0.08308951845432204, 0.9998972353311012], "lrtest": [0.08306469428873697, 0.9998973111618857]}, "lag6": {"chi2test": [0.10430042031749089, 0.999977267210144], "lrtest": [0.10426102502970025, 0.9999772926250258]}, "lag7": {"chi2test": [0.09543828143345139, 0.9999980335781598], "lrtest": [0.09540505428901724, 0.9999980359479439]}, "lag8": {"chi2test": [0.20371201573313613, 0.9999958656486223], "lrtest": [0.20355959958658332, 0.9999958777574831]}, "lag9": {"chi2test": [0.32822859534076826, 0.9999950895399747], "lrtest": [0.32783022606486156, 0.99999511550991]}, "lag10": {"chi2test": [0.33375422810941885, 0.9999990612954641], "lrtest": [0.3333392756212561, 0.9999990669557134]}, "lag11": {"chi2test": [0.3868408510431207, 0.99999964875694], "lrtest": [0.3862793611764346, 0.9999996514693598]}, "lag12": {"chi2test": [2.7918966408727006, 0.9968433977728947], "lrtest": [2.7627811391146224, 0.9969996520632854]}, "lag13": {"chi2test": [3.4426497741781668, 0.9958056511316629], "lrtest": [3.398190982215283, 0.9960728118757164]}, "lag14": {"chi2test": [3.9697729127129904, 0.9956452768783746], "lrtest": [3.9103673402479444, 0.9959816143031031]}, "lag15": {"chi2test": [4.043353752593508, 0.9975919495730676], "lrtest": [3.981280406315591, 0.9977979709112469]}, "lag16": {"chi2test": [4.5842517841760415, 0.9974640631768614], "lrtest": [4.504069370089837, 0.9977204636799522]}, "lag17": {"chi2test": [5.541059805131883, 0.9957765303062308], "lrtest": [5.423585328181844, 0.9962963867985039]}, "lag18": {"chi2test": [5.890337732758378, 0.9966213436876625], "lrtest": [5.756800845407156, 0.9970868471505006]}, "lag19": {"chi2test": [6.168259685012563, 0.9974975203125008], "lrtest": [6.020898350880088, 0.9978784200485392]}, "lag20": {"chi2test": [6.983095138261163, 0.9967401257857288], "lrtest": [6.793551360855304, 0.9973092241265835]}, "lag21": {"chi2test": [7.208832732342375, 0.9976936241133185], "lrtest": [7.005491054742151, 0.998131419412366]}, "lag22": {"chi2test": [7.176349618702407, 0.998760919341103], "lrtest": [6.973212239416966, 0.9990109718976573]}, "lag23": {"chi2test": [7.162123590088894, 0.9993367475094542], "lrtest": [6.958166397977948, 0.9994787169551014]}, "lag24": {"chi2test": [7.196845560097348, 0.9996310967793797], "lrtest": [6.989293051276263, 0.9997148956101729]}, "lag25": {"chi2test": [15.88521593080738, 0.9182041829284381], "lrtest": [14.910779883860755, 0.943443290250615]}, "lag26": {"chi2test": [48.83034407152741, 0.00432390024194996], "lrtest": [40.862546601319764, 0.032036385566539816]}, "lag27": {"chi2test": [51.35249261006432, 0.003164358959893947], "lrtest": [42.5746639677418, 0.028863637572633098]}, "lag28": {"chi2test": [52.18656065865917, 0.0036504355267850306], "lrtest": [43.092103664597175, 0.034098335805653836]}, "lag29": {"chi2test": [52.53489207140244, 0.0047489083435861956], "lrtest": [43.269843889455046, 0.04297998864647281]}, "lag30": {"chi2test": [61.3459482660827, 0.0006306918589158659], "lrtest": [49.08411603647562, 0.015410408931506721]}}