{"lag1": {"chi2test": [0.17530551070603329, 0.675439043606217], "lrtest": [0.17521356300539992, 0.6755193135554811]}, "lag2": {"chi2test": [0.38083848997875924, 0.8266125081356784], "lrtest": [0.38040229568673567, 0.826792809625466]}, "lag3": {"chi2test": [0.4094374001303702, 0.9382861226832647], "lrtest": [0.40893024202205197, 0.9383916001077113]}, "lag4": {"chi2test": [0.4073171036384163, 0.9818734584422493], "lrtest": [0.4068121248853913, 0.9819153844487559]}, "lag5": {"chi2test": [0.7452099731952229, 0.9803956240818948], "lrtest": [0.7435116570113678, 0.9804955887882727]}, "lag6": {"chi2test": [0.8703468190345751, 0.990053502775794], "lrtest": [0.868017185269764, 0.9901247304402853]}, "lag7": {"chi2test": [2.9830135970558653, 0.8865691519048167], "lrtest": [2.9557155774798503, 0.8890684449769807]}, "lag8": {"chi2test": [2.9973295986333963, 0.9345250157197182], "lrtest": [2.9696004173224537, 0.9362507595584504]}, "lag9": {"chi2test": [3.064830177368779, 0.9616690539638367], "lrtest": [3.035666039006628, 0.9628641166879571]}, "lag10": {"chi2test": [3.086112484799788, 0.9793242315386207], "lrtest": [3.0563597617219784, 0.9800664152167029]}, "lag11": {"chi2test": [3.2932343197213783, 0.9862554542011399], "lrtest": [3.2591703808334387, 0.9868382685953587]}, "lag12": {"chi2test": [3.9705765501398664, 0.9839614899434679], "lrtest": [3.9208875438125688, 0.9848219766352942]}, "lag13": {"chi2test": [4.3642193737896315, 0.9866641978365465], "lrtest": [4.30390880190771, 0.9875081015956858]}, "lag14": {"chi2test": [4.430813978854697, 0.9922662315427742], "lrtest": [4.368270174337795, 0.9928116993568873]}, "lag15": {"chi2test": [4.466361931997409, 0.9957614781118151], "lrtest": [4.402412671271804, 0.9960907281904138]}, "lag16": {"chi2test": [5.312758055117748, 0.9939664345594107], "lrtest": [5.222019651786013, 0.9945347037571592]}, "lag17": {"chi2test": [5.368157317104346, 0.9965236731083695], "lrtest": [5.274939300460801, 0.9968812461180603]}, "lag18": {"chi2test": [5.443920449346006, 0.9979807425899204], "lrtest": [5.347459841937962, 0.9982068905092515]}, "lag19": {"chi2test": [5.4183622857198195, 0.9989847011081534], "lrtest": [5.322168442951806, 0.9991065220043278]}, "lag20": {"chi2test": [5.7409310138506475, 0.9992048580879184], "lrtest": [5.632383594242356, 0.9993106904812924]}, "lag21": {"chi2test": [5.87478261537409, 0.999513809026389], "lrtest": [5.760428031940592, 0.9995838146225513]}, "lag22": {"chi2test": [5.860898965027649, 0.9997596298167446], "lrtest": [5.746317896256869, 0.9997963621167059]}, "lag23": {"chi2test": [5.816276850285555, 0.9998891678860036], "lrtest": [5.702653380220227, 0.9999070242379579]}, "lag24": {"chi2test": [6.607125856927987, 0.9998274942032895], "lrtest": [6.46003168091579, 0.9998592952249402]}, "lag25": {"chi2test": [6.76912094068172, 0.9998908445564098], "lrtest": [6.6137906594728975, 0.9999123797747331]}, "lag26": {"chi2test": [7.4688313792494645, 0.9998574212378595], "lrtest": [7.279037538479997, 0.9998887830463549]}, "lag27": {"chi2test": [7.66038249730902, 0.99990526555615], "lrtest": [7.459534765489252, 0.9999274734686695]}, "lag28": {"chi2test": [8.233403887948365, 0.9998973795556948], "lrtest": [8.000392709273001, 0.9999236328179649]}, "lag29": {"chi2test": [8.431267797140011, 0.9999309183708585], "lrtest": [8.185453268381707, 0.9999496550666207]}, "lag30": {"chi2test": [8.932927439333401, 0.9999320994170101], "lrtest": [8.655707977087332, 0.9999519392654692]}}