{"Amendments to funeral and burial regulations": -721.3659299711908, "Border closure": 145.55027711382363, "Closure of businesses and public services": 226.4824804326471, "Domestic travel restrictions": -367.27495169340017, "Economic measures": 203.18467694254048, "Emergency administrative structures activated or established": 0.0, "General recommendations": -212.26267775397517, "Humanitarian exemptions": 0.0, "Isolation and quarantine policies": 67.14227375099497, "Limit public gatherings": 0.0, "Other public health measures enforced": 499.00547853991685, "Partial lockdown": 361.11045517568925, "Schools closure": 0.0, "Strengthening the public health system": 0.0, "Surveillance and monitoring": -1351.3171956091585, "Testing policy": -713.4676228260341, "Visa restrictions": 0.0}