{"lag1": {"chi2test": [0.10728042088087075, 0.7432618384924128], "lrtest": [0.10722667601339708, 0.7433238898687548]}, "lag2": {"chi2test": [0.1643617179126815, 0.9211053534778699], "lrtest": [0.16423442130417243, 0.9211639821374462]}, "lag3": {"chi2test": [0.18857405437088898, 0.9794124128684554], "lrtest": [0.18840492267918307, 0.9794390721627784]}, "lag4": {"chi2test": [0.19773211648716443, 0.9954232391569924], "lrtest": [0.1975443832984638, 0.9954316421782319]}, "lag5": {"chi2test": [0.20169041422876666, 0.9990955607613606], "lrtest": [0.2014932006509298, 0.9990977069102326]}, "lag6": {"chi2test": [0.36050116132308996, 0.9991468318917963], "lrtest": [0.35986559426305575, 0.9991511359286198]}, "lag7": {"chi2test": [0.6292403475564246, 0.9988223329314372], "lrtest": [0.6272883349377025, 0.998834196954562]}, "lag8": {"chi2test": [0.6807602513819487, 0.9995733522855866], "lrtest": [0.6784535416404651, 0.9995787216284377]}, "lag9": {"chi2test": [0.7432849545545979, 0.9998358080402957], "lrtest": [0.7405085771861195, 0.9998383684071328]}, "lag10": {"chi2test": [0.9742095986432574, 0.9998473516514149], "lrtest": [0.96939918525959, 0.9998507881460346]}, "lag11": {"chi2test": [1.2342685512748481, 0.9998545984887788], "lrtest": [1.2264818612520685, 0.9998591153350318]}, "lag12": {"chi2test": [1.5128668533368703, 0.999863325413449], "lrtest": [1.5010699733302317, 0.9998689450355009]}, "lag13": {"chi2test": [1.6208585062913061, 0.9999321575521565], "lrtest": [1.6071865231544962, 0.9999354156246434]}, "lag14": {"chi2test": [1.7494410577854544, 0.999963661684429], "lrtest": [1.733360776168638, 0.9999656988894096]}, "lag15": {"chi2test": [1.7538708114819432, 0.999987671064239], "lrtest": [1.737537866580169, 0.9999884243871744]}, "lag16": {"chi2test": [1.8639301576075975, 0.9999938077435581], "lrtest": [1.8452996591986448, 0.9999942389251807]}, "lag17": {"chi2test": [1.963650982775293, 0.9999970068610256], "lrtest": [1.9427645134346676, 0.9999972415367347]}, "lag18": {"chi2test": [2.656369437470902, 0.999989191848086], "lrtest": [2.6179224605527907, 0.9999903576828021]}, "lag19": {"chi2test": [5.84483788119712, 0.9982711194126751], "lrtest": [5.6609252016833125, 0.9986166169505426]}, "lag20": {"chi2test": [6.08548988642333, 0.9987770383544723], "lrtest": [5.884297879171299, 0.9990449590482708]}, "lag21": {"chi2test": [8.164916110724525, 0.9944048974940489], "lrtest": [7.804180746461498, 0.9959197195740621]}, "lag22": {"chi2test": [10.023473696303855, 0.9860906577543692], "lrtest": [9.481102937534843, 0.9904307041054891]}, "lag23": {"chi2test": [11.024670503701309, 0.9829352718268116], "lrtest": [10.36608034198025, 0.9887755053157312]}, "lag24": {"chi2test": [12.053270984824103, 0.979301279313937], "lrtest": [11.263236164290902, 0.9870075786340369]}, "lag25": {"chi2test": [24.016543067870785, 0.5184178359856126], "lrtest": [21.093854294528683, 0.6873647377504458]}, "lag26": {"chi2test": [26.691309780434732, 0.4256561867873148], "lrtest": [23.106992941278804, 0.6268872033379971]}, "lag27": {"chi2test": [31.379818075647293, 0.2558311537627104], "lrtest": [26.52225218643366, 0.4897839909179643]}, "lag28": {"chi2test": [33.540629664147275, 0.2164077111975091], "lrtest": [28.0107287040488, 0.4638791108910496]}, "lag29": {"chi2test": [35.58572458981976, 0.18594744051525078], "lrtest": [29.37815476525725, 0.44550586987231117]}, "lag30": {"chi2test": [39.90225657505039, 0.10677132646707466], "lrtest": [32.22547539182892, 0.3571156416262794]}}