{"lag1": {"chi2test": [1.2788353520576454, 0.25811569420782443], "lrtest": [1.2731111732848603, 0.25918383634474607]}, "lag2": {"chi2test": [1.563863866182138, 0.45752125648158437], "lrtest": [1.5552548745808963, 0.4594948995304956]}, "lag3": {"chi2test": [2.060775383603922, 0.5598888363719023], "lrtest": [2.0457554721970155, 0.5629645000649905]}, "lag4": {"chi2test": [1393.5700172123939, 1.713315422141411e-300], "lrtest": [333.63161163936684, 5.993063798288166e-71]}, "lag5": {"chi2test": [1543.7447459313503, 0.0], "lrtest": [345.04600748550956, 2.039934660806631e-72]}, "lag6": {"chi2test": [1709.3305485510812, 0.0], "lrtest": [356.33351133043516, 6.739994597588008e-74]}, "lag7": {"chi2test": [1860.789083834334, 0.0], "lrtest": [365.38315228083184, 6.26221048192899e-75]}, "lag8": {"chi2test": [1858.8540310071292, 0.0], "lrtest": [363.49424531483055, 1.1903291633631676e-73]}, "lag9": {"chi2test": [1868.1088056016629, 0.0], "lrtest": [362.3516119245746, 1.4537106563962382e-72]}, "lag10": {"chi2test": [1.8148644441178452, 0.9975722086507531], "lrtest": [1.802593493032873, 0.9976414324014762]}, "lag11": {"chi2test": [2.121027156458985, 0.9980235074184198], "lrtest": [2.1041667861313726, 0.9980951686359812]}, "lag12": {"chi2test": [2.4405469611056017, 0.9983690341003957], "lrtest": [2.4180915772344633, 0.9984424646341464]}, "lag13": {"chi2test": [2.6627426289747875, 0.9989027399700582], "lrtest": [2.6358393814668943, 0.9989610629186876]}, "lag14": {"chi2test": [2.7881687062616534, 0.9993927930168289], "lrtest": [2.758464618317248, 0.9994294438780947]}, "lag15": {"chi2test": [2.841098837331285, 0.999713575401962], "lrtest": [2.8100271416360556, 0.9997326813604429]}, "lag16": {"chi2test": [3.283325467593411, 0.9996914951592596], "lrtest": [3.241601234022255, 0.9997163933065115]}, "lag17": {"chi2test": [3.8025513076382267, 0.9996334140728882], "lrtest": [3.7463016538363263, 0.9996689807469084]}, "lag18": {"chi2test": [4.298692247065281, 0.999601937423883], "lrtest": [4.226429290734359, 0.9996472296945861]}, "lag19": {"chi2test": [4.813654580292511, 0.9995693049713351], "lrtest": [4.722571777268513, 0.9996260323023626]}, "lag20": {"chi2test": [5.08599169180267, 0.9996834112655156], "lrtest": [4.983651648351042, 0.999729626870871]}, "lag21": {"chi2test": [5.348742525687538, 0.9997704426112692], "lrtest": [5.234810462946825, 0.9998073342706163]}, "lag22": {"chi2test": [6.228406040317367, 0.9996019095816466], "lrtest": [6.0734011948527495, 0.9996766276546667]}, "lag23": {"chi2test": [6.355633734075816, 0.9997589173476885], "lrtest": [6.19304140522695, 0.9998074761241387]}, "lag24": {"chi2test": [7.397278333928532, 0.9995312964740325], "lrtest": [7.176468287933176, 0.9996401513963077]}, "lag25": {"chi2test": [7.897968126387509, 0.9995495526860854], "lrtest": [7.644886964445277, 0.9996639109154284]}, "lag26": {"chi2test": [8.17165421166847, 0.9996662730939849], "lrtest": [7.898915018453636, 0.9997571122301082]}, "lag27": {"chi2test": [8.46476802147281, 0.999747089307444], "lrtest": [8.170169648574074, 0.9998207541224224]}, "lag28": {"chi2test": [9.446844188767376, 0.9995954296988144], "lrtest": [9.078852337300077, 0.999725758797521]}, "lag29": {"chi2test": [9.73137016457444, 0.9996949745363155], "lrtest": [9.338241326029447, 0.9997992813402972]}, "lag30": {"chi2test": [10.86324508444057, 0.9994719102586418], "lrtest": [10.372301195954378, 0.9996697878542407]}}