{"Amendments to funeral and burial regulations": 146.37059582368323, "Border closure": 3.825652316981365e-14, "Closure of businesses and public services": 2.673508966658297e-12, "Domestic travel restrictions": 1.065335367323506e-11, "Economic measures": 1234.9011520511897, "Emergency administrative structures activated or established": 0.0, "General recommendations": 372.9654863310434, "Humanitarian exemptions": 0.0, "Isolation and quarantine policies": 1981.9204635473577, "Limit public gatherings": 133.73092830917813, "Other public health measures enforced": -936.3745568650825, "Partial lockdown": 0.0, "Schools closure": 0.0, "Strengthening the public health system": 345.55353628111055, "Surveillance and monitoring": -941.6030923102902, "Testing policy": -8.372635988826318, "Visa restrictions": 9.318962664755473}