{"lag1": {"chi2test": [0.02518060633064987, 0.8739178583102039], "lrtest": [0.025178420159818415, 0.8739232858477248]}, "lag2": {"chi2test": [0.1728260339068449, 0.917215327498511], "lrtest": [0.17272240557065288, 0.9172628534789192]}, "lag3": {"chi2test": [0.2623058227682133, 0.9669544937694129], "lrtest": [0.26206554192413023, 0.966997546509521]}, "lag4": {"chi2test": [0.5000883243626683, 0.9734923798843391], "lrtest": [0.49920979368243934, 0.9735778598966558]}, "lag5": {"chi2test": [0.5383564874322254, 0.9906514279334395], "lrtest": [0.5373313382115157, 0.9906925210389197]}, "lag6": {"chi2test": [0.5772093520041205, 0.9967682078892838], "lrtest": [0.5760227173602743, 0.9967866903572179]}, "lag7": {"chi2test": [0.7044497424981611, 0.9983013129867699], "lrtest": [0.7026706808765084, 0.998315132319101]}, "lag8": {"chi2test": [0.8574972264088574, 0.9989983223694741], "lrtest": [0.8548440755650972, 0.9990096270228876]}, "lag9": {"chi2test": [0.8694051580308478, 0.999684130967323], "lrtest": [0.8666581410739127, 0.9996882516290123]}, "lag10": {"chi2test": [0.9667463938439567, 0.9998526577978573], "lrtest": [0.96332656645302, 0.9998550415702355]}, "lag11": {"chi2test": [0.9880116962876984, 0.9999526069421671], "lrtest": [0.9844138062328511, 0.9999534783938457]}, "lag12": {"chi2test": [1.0328301188537763, 0.9999830435385513], "lrtest": [1.0288700884138962, 0.9999834020249463]}, "lag13": {"chi2test": [1.2628844283614464, 0.99998438347812], "lrtest": [1.2569263363719756, 0.9999848174621944]}, "lag14": {"chi2test": [1.2550185245757934, 0.9999955992704703], "lrtest": [1.2490898935329824, 0.99999573179001]}, "lag15": {"chi2test": [0.9199861809545964, 0.9999998594973872], "lrtest": [0.9167707889019994, 0.9999998629456512]}, "lag16": {"chi2test": [0.9750323305109059, 0.9999999486296177], "lrtest": [0.9713940188643164, 0.9999999500630053]}, "lag17": {"chi2test": [2.462493074514131, 0.9999835558927846], "lrtest": [2.4392845817365014, 0.9999846714014624]}, "lag18": {"chi2test": [2.6394096476065343, 0.9999897201402107], "lrtest": [2.61256522331405, 0.9999905112709517]}, "lag19": {"chi2test": [3.2266348737748585, 0.9999805183838071], "lrtest": [3.186327297323828, 0.9999823979849518]}, "lag20": {"chi2test": [3.6226654774755604, 0.999979564376785], "lrtest": [3.5715644520024625, 0.999981860569856]}, "lag21": {"chi2test": [3.8014798754781216, 0.9999872690498596], "lrtest": [3.7448207522988923, 0.9999888454840365]}, "lag22": {"chi2test": [4.184359182378376, 0.9999874507975269], "lrtest": [4.115308054437946, 0.9999892189683817]}, "lag23": {"chi2test": [5.794796053550313, 0.9998927519829194], "lrtest": [5.662434662990563, 0.9999127239346359]}, "lag24": {"chi2test": [6.08966562874211, 0.9999180954875917], "lrtest": [5.942557373300133, 0.9999347214101659]}, "lag25": {"chi2test": [8.534619516833502, 0.9991089016867067], "lrtest": [8.247073471067438, 0.9993391596193006]}, "lag26": {"chi2test": [8.470215443327707, 0.999535157369952], "lrtest": [8.184641790402452, 0.9996613094467482]}, "lag27": {"chi2test": [8.576698665242668, 0.999712986378592], "lrtest": [8.281715605074396, 0.9997953918731094]}, "lag28": {"chi2test": [10.020404345919555, 0.9992884238991008], "lrtest": [9.617594212858648, 0.9995189395056118]}, "lag29": {"chi2test": [19.08264037385199, 0.9191503832935114], "lrtest": [17.677344695592126, 0.950584221994469]}, "lag30": {"chi2test": [19.376597940207066, 0.931768871915253], "lrtest": [17.918556882304756, 0.9598375523035685]}}