{"lag1": {"chi2test": [0.025101241713482002, 0.8741150493735708], "lrtest": [0.025099098854298063, 0.8741203779957978]}, "lag2": {"chi2test": [0.48907925088377047, 0.7830649584555782], "lrtest": [0.48826190271665837, 0.7833850422103525]}, "lag3": {"chi2test": [0.6040318035477344, 0.895508766919419], "lrtest": [0.6027771679731586, 0.8957963108965377]}, "lag4": {"chi2test": [1752.198463755743, 0.0], "lrtest": [371.2021995942117, 4.627865430654105e-79]}, "lag5": {"chi2test": [1766.5661623799147, 0.0], "lrtest": [370.62550165574044, 6.330342965114407e-78]}, "lag6": {"chi2test": [1802.6164480529735, 0.0], "lrtest": [371.6130031685953, 3.523936581672618e-77]}, "lag7": {"chi2test": [1800.6834432858998, 0.0], "lrtest": [369.7796542933593, 7.160688266469691e-76]}, "lag8": {"chi2test": [3085.213401896586, 0.0], "lrtest": [439.1956765786912, 7.630446525022239e-90]}, "lag9": {"chi2test": [7.99962852067307, 0.5341836536032656], "lrtest": [7.777901593869444, 0.5566741997634833]}, "lag10": {"chi2test": [10.331655042493608, 0.41189365161608354], "lrtest": [9.963185166017865, 0.44372910950671074]}, "lag11": {"chi2test": [9.979847739084441, 0.5322007744384261], "lrtest": [9.633094903933454, 0.5636608223332583]}, "lag12": {"chi2test": [12.529738279027569, 0.4041262291394958], "lrtest": [11.985722191146834, 0.4468269956990113]}, "lag13": {"chi2test": [14.656711460675975, 0.32927082933377827], "lrtest": [13.914355847016594, 0.37990303648842433]}, "lag14": {"chi2test": [16.076593660125116, 0.3087191976421279], "lrtest": [15.183002421734813, 0.36576040669056653]}, "lag15": {"chi2test": [17.751340198368254, 0.275963935198841], "lrtest": [16.662585474254826, 0.33943184383973024]}, "lag16": {"chi2test": [14.778479353816286, 0.54091899100425], "lrtest": [14.00818114610658, 0.598104329010392]}, "lag17": {"chi2test": [16.974820367795342, 0.45607331469914913], "lrtest": [15.96166925047379, 0.5265538638312259]}, "lag18": {"chi2test": [20.674406361288735, 0.29615669853555093], "lrtest": [19.186285175685555, 0.38043740220692374]}, "lag19": {"chi2test": [22.25494592890716, 0.271752336946749], "lrtest": [20.530916615864783, 0.3632887861185486]}, "lag20": {"chi2test": [24.08015324459793, 0.238908431905745], "lrtest": [22.064312565484443, 0.33703109178337176]}, "lag21": {"chi2test": [21.982684486955186, 0.4005083116783616], "lrtest": [20.27466115707915, 0.503928516859496]}, "lag22": {"chi2test": [21.005333110550367, 0.5204085483988181], "lrtest": [19.42755681292965, 0.6187994008458398]}, "lag23": {"chi2test": [27.413993591563578, 0.23875520902226857], "lrtest": [24.78584040023304, 0.3614212335782321]}, "lag24": {"chi2test": [27.950046458451524, 0.26215256685679744], "lrtest": [25.205512178744158, 0.39466248440994584]}, "lag25": {"chi2test": [31.073468503090442, 0.18659754879262155], "lrtest": [27.70515978231583, 0.32160375703337096]}, "lag26": {"chi2test": [35.779580292488326, 0.09579795572778857], "lrtest": [31.375710247649096, 0.21457328513788854]}, "lag27": {"chi2test": [38.90543086024297, 0.06462349207699156], "lrtest": [33.73383657022853, 0.17392157897302504]}, "lag28": {"chi2test": [40.57555931820878, 0.0587076495508495], "lrtest": [34.95274362920679, 0.17124711292771677]}, "lag29": {"chi2test": [44.384462779096964, 0.03373338069267624], "lrtest": [37.720929133688, 0.1286682780803245]}, "lag30": {"chi2test": [41.20477671545179, 0.08355921868336463], "lrtest": [35.3417850526472, 0.23041686915051984]}}