{"Amendments to funeral and burial regulations": 0.0, "Border closure\u00a0": 0.0, "Closure of businesses and public services": 0.0, "Domestic travel restrictions": 0.0, "Economic measures": 105.90947124560844, "Emergency administrative structures activated or established": -299.2379912184145, "General recommendations": 218.95401199014648, "Humanitarian exemptions": 0.0, "Isolation and quarantine policies": 93.25536078130966, "Limit public gatherings": 6.239467647783037, "Other public health measures enforced": -722.2143631809461, "Partial lockdown": 342.3272551843571, "Schools closure\u00a0": 370.10416132125437, "Strengthening the public health system": 227.96009441216614, "Surveillance and monitoring": 7.566745616599777, "Testing policy": -1311.6561906860486, "Visa restrictions": 0.0}