{"lag1": [0.009117172041064402, 0.9239304907354902], "lag2": [0.0204700546496292, 0.9898171723272756], "lag3": [0.031176308634408914, 0.9985495673907463], "lag4": [0.044644699309799675, 0.9997545331482912]}