{"Amendments to funeral and burial regulations": -29.321930420669556, "Border closure": 15.678069579330447, "Closure of businesses and public services": 19.678069579330447, "Domestic travel restrictions": 11.678069579330447, "Economic measures": 18.678069579330447, "Emergency administrative structures activated or established": 11.678069579330447, "General recommendations": 19.000000000000007, "Humanitarian exemptions": 11.678069579330447, "Isolation and quarantine policies": -16.265582759935363, "Limit public gatherings": 19.000000000000007, "Other public health measures enforced": 0.0, "Partial lockdown": 11.678069579330447, "Schools closure": 18.000000000000007, "Strengthening the public health system": 15.678069579330447, "Surveillance and monitoring": 4.678069579330444, "Testing policy": 4.678069579330444, "Visa restrictions": 11.678069579330447}