{"Changes in prison-related policies": 0.3369013895415186, "Closure of businesses and public services": 0.37690138954151864, "Economic measures": 0.3569013895415186, "Emergency administrative structures activated or established": -0.06309861045848152, "General recommendations": 0.38690138954151865, "Isolation and quarantine policies": -0.1630986104584815, "Limit public gatherings": 0.38690138954151865, "Other public health measures enforced": -0.07309861045848151, "Partial lockdown": 0.3469013895415186, "Psychological assistance and medical social work": -0.15, "Requirement to wear protective gear in public": -0.07, "Schools closure": 0.38690138954151865, "Strengthening the public health system": 0.3369013895415186, "Surveillance and monitoring": 0.3469013895415186, "Testing policy": -0.1430986104584815}