{"lag1": [0.030392563698993822, 0.8616024840437952], "lag2": [0.6116448676586818, 0.7365173884179699], "lag3": [0.6606054503177674, 0.8824284452862972], "lag4": [146.8393985587322, 9.68094272508817e-31]}